<?xml version="1.0" encoding="UTF-8"?>
<project-private xmlns="http://www.netbeans.org/ns/project-private/1">
    <editor-bookmarks xmlns="http://www.netbeans.org/ns/editor-bookmarks/2" lastBookmarkId="0"/>
    <open-files xmlns="http://www.netbeans.org/ns/projectui-open-files/2">
        <group>
            <file>file:/C:/Users/rajin/Desktop/Application/HotelApplication/src/hotelapplication/BookingsPageController.java</file>
            <file>file:/C:/Users/rajin/Desktop/Application/HotelApplication/src/hotelapplication/BookingsPage.fxml</file>
            <file>file:/C:/Users/rajin/Desktop/Application/HotelApplication/src/hotelapplication/SignUpPageController.java</file>
            <file>file:/C:/Users/rajin/Desktop/Application/HotelApplication/src/hotelapplication/LogInPage.fxml</file>
            <file>file:/C:/Users/rajin/Desktop/Application/HotelApplication/src/hotelapplication/User.java</file>
            <file>file:/C:/Users/rajin/Desktop/Application/HotelApplication/src/hotelapplication/HotelApplication.java</file>
            <file>file:/C:/Users/rajin/Desktop/Application/HotelApplication/src/hotelapplication/SignUpPage.fxml</file>
        </group>
    </open-files>
</project-private>
